"Species","AphiaID","functional_group"
"Clupea harengus",126417,NA
"Alcyonidioides mytili",468026,NA
"Gobius niger",NA,NA
"Gasterosteus aculeatus",126505,NA
"Scomber scombrus",127023,NA
"Taurulus bubalis",127204,NA
"Vibrio crassostreae",570755,NA
"Alteromonas ulvae",NA,NA
"Ctenolabrus rupestris",126964,NA
"Chaetopterus variopedatus",129914,NA
"Asterias rubens",123776,NA
"Gobiusculus flavescens",126898,NA
"Dicentrarchus labrax",126975,NA
"Aphia minuta",126868,NA
"Neogobius melanostomus",126916,NA
"Pomatoschistus microps",126927,NA
"Syngnathus typhle",127393,NA
"Elysia viridis",139686,NA
"Paracentrotus lividus",124316,NA
"Pomatoschistus minutus",126928,NA
"Sardina pilchardus",126421,NA
"Littorina littorea",140262,NA
"Naria spurca",1075013,NA
"Atherina boyeri",272027,NA
"Osmerus eperlanus",126736,NA
"Unio tumidus",NA,NA
"Chelon saliens",1042832,NA
"Melarhaphe neritoides",140266,NA
"Chelon auratus",1044127,NA
"Parablennius gattorugine",126770,NA
"Engraulis encrasicolus",126426,NA
"Tritia incrassata",876825,NA
"Rhithropanopeus harrisii",107414,NA
"Aplysia vaccaria",568031,NA
"Sparus aurata",151523,NA
"Lelliottia amnigena",NA,NA
"Arenicola marina",129868,NA
"Chthamalus stellatus",106231,NA
"Symphodus melops",273571,NA
"Plagioecia patina",111719,NA
"Gobius cobitis",126886,NA
"Patella caerulea",140677,NA
"Phorcus turbinatus",689179,NA
"Platynereis dumerilii",130417,"benthos > macrobenthos"
"Watersipora subatra",816025,NA
"Belone belone",126375,NA
"Patella ulyssiponensis",140684,NA
"Mugil cephalus",126983,NA
"Columbella rustica",139196,NA
"Astropecten irregularis",123867,NA
"Gobius paganellus",126893,NA
"Acanthochitona fascicularis",138677,NA
"Mya arenaria",140430,NA
"Pholis gunnellus",126996,NA
"Aurelia aurita",135306,"plankton > megaplankton; benthos; plankton > zooplankton"
"Epinephelus marginatus",127036,NA
"Lagocephalus sceleratus",219954,NA
"Sicydium altum",NA,NA
"Raja miraletus",105886,NA
"Ischnochiton rissoi",848021,NA
"Boops boops",127047,NA
"Rostroraja alba",105896,NA
"Thalassoma pavo",126970,NA
"Oxyurichthys papuensis",126921,NA
"Oedalechilus labeo",126984,NA
"Balanus trigonus",106223,NA
"Amathia verticillata",851581,NA
"Caretta caretta",137205,NA
"Seriola dumerili",126816,NA
"Dasyatis pastinaca",105851,NA
"Muraena helena",126303,NA
"Pterois miles",218077,NA
"Fistularia commersonii",217966,NA
"Torpedo marmorata",271684,NA
"Parupeneus margaritatus",277818,NA
"Diaphus metopoclampus",126594,NA
"Diplodus vulgaris",127054,NA
"Lampanyctus pusillus",126619,NA
"Diaphus rafinesquii",126596,NA
"Gymnothorax unicolor",126301,NA
"Pteragogus trispilus",835084,NA
"Artemia urmiana",NA,NA
"Anthias anthias",127031,NA
"Cyclothone braueri",127284,NA
"Mullus surmuletus",126986,NA
"Conger conger",126285,NA
"Scorpaena porcus",127247,NA
"Xyrichtys novacula",126971,NA
"Scyliorhinus canicula",105814,NA
"Caranx crysos",126802,NA
"Pagellus acarne",127057,NA
"Serranus cabrilla",127041,NA
"Astropecten aranciacus",123856,NA
"Symphodus tinca",273575,NA
"Diplodus puntazzo",127052,NA
"Eriphia verrucosa",107409,NA
"Ichthyococcus elongatus",274952,NA
"Mitra cornicula",NA,NA
"Atherina hepsetus",272028,NA
"Symphodus cinereus",273567,NA
"Holothuria poli",732380,NA
"Tripterygion delaisi",127090,NA
"Hymeniacidon sinapium",165916,NA
"Conus ventricosus",428401,NA
"Trachinotus ovatus",126819,NA
"Clinitrachus argentatus",126844,NA
"Scartella cristata",126782,NA
"Pomatomus saltator",127002,NA
"Tarantinaea lignaria",607879,NA
"Maja crispata",107348,NA
"Cotylorhiza tuberculata",135297,NA
"Octopus vulgaris",140605,NA
"Arbacia lixula",124249,NA
"Loripes lacteus",NA,NA
"Dosidicus gigas",342291,NA
"Lepidoglyphus destructor",NA,NA
"Hexanchus griseus",105833,NA
"Astropecten spinulosus",123878,NA
"Astropecten platyacanthus",123876,NA
"Liposcelis decolor",NA,NA
"Chlorophthalmus agassizi",126336,NA
"Lepidorhombus whiffiagonis",127146,NA
"Lesueurigobius friesii",126904,NA
"Coryphaena hippurus",126846,NA
"Capros aper",127419,NA
"Merluccius merluccius",126484,NA
"Xiphias gladius",127094,NA
"Pagellus erythrinus",127060,NA
"Tritia reticulata",876821,NA
"Hemigrapsus penicillatus",107454,NA
"Carcinus maenas",107381,NA
"Boccardiella hamata",333121,NA
"Ensis leei",876640,NA
"Caprella mutica",146768,NA
"Syngnathus rostellatus",127389,NA
"Abra alba",141433,NA
"Owenia fusiformis",130544,NA
"Trisopterus luscus",126445,NA
"Scophthalmus maximus",127149,NA
"Lipophrys pholis",126768,NA
"Echinocardium cordatum",124392,NA
"Solea solea",127160,NA
"Ciliata mustela",126448,NA
"Conopeum reticulum",111351,NA
"Scophthalmus rhombus",127150,NA
"Planktomarina temperata",NA,NA
"Amathia tertia",851603,NA
"Gobiosoma bosc",159767,NA
"Citrobacter meridianamericanus",NA,NA
"Chydorus sphaericus",148406,NA
"Knipowitschia caucasica",126899,NA
"Brachionus calyciflorus",134980,NA
"Scrobicularia plana",141424,NA
"Caenis robusta",NA,NA
"Eriocheir japonica",444767,NA
"Fredericella sultana",NA,NA
"Bufo bufo",NA,NA
"Cyclopterus lumpus",127214,NA
"Heptagenia sulphurea",NA,NA
"Juxtacribrilina mutabilis",1059484,NA
"Salmo salar",127186,NA
"Trisopterus esmarkii",126444,NA
"Trisopterus minutus",126446,NA
"Patella pellucida",147459,NA
"Pomatoschistus pictus",126930,NA
"Luidia sarsii",123922,NA
"Thorogobius ephippiatus",126937,NA
"Patella vulgata",140685,NA
"Lepidochitona cinerea",152774,NA
"Cristatella mucedo",NA,NA
"Tripos horridus",837453,"plankton > microplankton; plankton > mixoplankton > Constitutive Mixoplankton"
"Littorina saxatilis",NA,NA
"Leuctra fusca",NA,NA
"Littorina obtusata",140263,NA
"Raniceps raninus",126442,NA
"Syngnathus acus",127387,NA
"Nucella lapillus",140403,NA
"Marthasterias glacialis",123803,NA
"Ciliata septentrionalis",126449,NA
"Buccinum undatum",138878,NA
"Holothuria forskali",1670329,NA
"Balistes capriscus",NA,NA
"Polyprion americanus",126998,NA
"Lepidonotus clava",130800,NA
"Callionymus lyra",126792,NA
"Symphodus bailloni",273566,NA
"Pollicipes pollicipes",106177,NA
"Dicentrarchus punctatus",126976,NA
"Spondyliosoma cantharus",127066,NA
"Coryphoblennius galerita",126762,NA
"Pegusa lascaris",127156,NA
"Echiichthys vipera",150630,NA
"Nerophis lumbriciformis",127383,NA
"Pagellus bogaraveo",127059,NA
"Felimida luteorosea",597403,NA
"Stramonita haemastoma",140417,NA
"Myliobatis aquila",105860,NA
"Symphodus ocellatus",NA,NA
"Prionospio dubia",131155,NA
"Liposcelis bostrychophila",NA,NA
"Physella acuta",NA,NA
"Scruparia chelata",111540,NA
"Lepadogaster candolii",272526,NA
"Membranipora membranacea",111411,NA
"Prionace glauca",105801,NA
"Raja brachyura",NA,NA
"Micromesistius poutassou",126439,NA
"Tolumonas auensis",NA,NA
"Ceratoscopelus maderensis",126585,NA
"Sipunculus nudus",424084,NA
"Tritia unifasciata",876852,NA
"Astropecten bispinosus",123859,NA
"Amphibalanus amphitrite",421137,NA
"Pelagia noctiluca",135305,"plankton > macroplankton; plankton > zooplankton"
"Lithophaga lithophaga",140459,NA
"Flustra foliacea",111367,NA
"Oshurkovia littoralis",146830,NA
"Calliostoma zizyphinum",141767,NA
"Orchesella cincta",NA,NA
"Arion flagellus",NA,NA
"Semibalanus balanoides",106210,NA
"Cradoscrupocellaria reptans",738997,NA
"Callopora lineata",111197,NA
"Flustrellidra hispida",111621,NA
"Labyrinthula terrestris",NA,NA
"Calliacantha natans",105561,"plankton > zooplankton; plankton > microplankton"
"Chaetoceros pumilus",NA,NA
"Ostreococcus lucimarinus",656266,NA
"Mamiella gilva",134562,NA
"Poteriospumella lacustris",NA,NA
"Zostera marina",NA,NA
"Mertensia(Metazoa) ovum",NA,NA
"Biecheleriopsis adriatica",837989,"plankton > mixoplankton > Constitutive Mixoplankton"
"Guinardia delicatula",149112,"plankton > phytoplankton"
"Nannochloropsis granulata",375856,NA
"Lensia conoidea",135426,"plankton > macroplankton; plankton > zooplankton"
"Paracalanus parvus",104685,NA
"Ulva intestinalis",234471,NA
"Micromonas bravo",1361175,NA
"Bathycoccus prasinos",345459,NA
"Strombidium caudispina",NA,NA
"Anteglaucoma harbinensis",NA,NA
"Hemiselmis andersenii",623449,NA
"Picomonas judraskeda",730536,"plankton > zooplankton"
"Sirolpidium bryopsidis",172210,NA
"Micromonas commoda",1361174,NA
"Chaetoceros tenuissimus",156623,"plankton > phytoplankton"
"Gyrodinium dominans",109851,"plankton > microplankton; plankton > zooplankton; benthos > microbenthos"
"Dexiostoma campyla",NA,NA
"Micrinomonas pusilla",1648762,NA
"Pseudoperkinsus tapetis",NA,NA
"Nephroselmis pyriformis",134541,"plankton > mixoplankton > Constitutive Mixoplankton"
"Chaetoceros peruvianus",NA,NA
"Einhornia crustulenta",467577,NA
"Gymnodinium aureolum",232716,"plankton > microplankton; plankton > mixoplankton > Constitutive Mixoplankton"
"Skeletonema menzelii",376361,NA
"Ostreococcus mediterraneus",1371633,NA
"Teleaulax acuta",106305,NA
"Baffinella frigidus",1391362,NA
"Cerataulina pelagica",149619,"plankton > phytoplankton"
"Medakamo limnetica",NA,NA
"Kurtzmaniella zeylanoides",NA,NA
"Barentsia benedeni",111800,NA
"Gyrodinium spirale",109876,"plankton > microplankton; plankton > nanoplankton; plankton > zooplankton"
"Noctiluca scintillans",109921,"plankton > mesoplankton; plankton > microplankton; plankton > mixoplankton > endosymbiotic Specialist Non-Constitutive Mixoplankton; plankton > zooplankton; plankton > phytoplankton"
"Brockmanniella brockmannii",149137,NA
"Temora longicornis",104878,NA
"Lessardia elongata",232703,"plankton > phytoplankton"
"Laboea strobila",101264,"plankton > mixoplankton > General Non-Constitutive Mixoplankton"
"Pelagostrobilidium neptuni",101212,NA
"Ditylum brightwellii",149023,"benthos; plankton > phytoplankton"
"Chaetoceros contortus",149623,"plankton > phytoplankton"
"Hartmannula sinica",427209,NA
"Teleaulax amphioxeia",106306,"plankton > mixoplankton > Constitutive Mixoplankton; plankton > phytoplankton"
"Thalassiosira pseudonana",148934,"plankton > phytoplankton"
"Mychonastes homosphaera",NA,NA
"Capitella teleta",592089,NA
"Cyclotella choctawhatcheeana",148908,"plankton > phytoplankton"
"Thaumatomastix salina",137309,NA
"Strombidium basimorphum",595214,"plankton > mixoplankton > General Non-Constitutive Mixoplankton"
"Chaetoceros neogracilis",178207,"plankton > phytoplankton"
"Leucocryptos marina",119077,"plankton > zooplankton"
"Hemiselmis cryptochromatica",623450,NA
"Mataza hastifera",872102,NA
"Mediolabrus comicus",1728736,"plankton > phytoplankton"
"Apedinella radians",248097,"plankton > phytoplankton"
"Minidiscus variabilis",623751,"plankton > phytoplankton"
"Skeletonema marinoi",376667,"plankton > phytoplankton"
"Acartia tonsa",104262,NA
"Laackmanniella prolongata",723498,NA
"Ebria tripartita",118051,"plankton > microplankton; plankton > zooplankton"
"Strombidium biarmatum",389215,"plankton > mixoplankton > General Non-Constitutive Mixoplankton"
"Pyramimonas australis",NA,NA
"Triparma pacifica",1373545,NA
"Skeletonema subsalsum",149075,"plankton > phytoplankton"
"Pyramimonas disomata",NA,NA
"Urgorri complanatus",707765,NA
"Phyllostaurus siculus.catervatus",NA,NA
"Thelepus cincinnatus",131543,"benthos > macrobenthos"
"Scapharca kagoshimensis",1476492,NA
"Clausocalanus furcatus",104503,NA
"Gastroclonium pacificum",372280,NA
"Serpula(Metazoa) concharum",NA,NA
"Pararosarium dinoexitiosum",NA,NA
"Stellarchytrium dubum",NA,NA
"Licmophora flabellata",157064,"benthos"
"Lepidodinium viride",232731,"plankton > mixoplankton > Constitutive Mixoplankton"
"Ulvella leptochaete",732246,NA
"Oikopleura dioica",1770057,NA
"Gunnarea capensis",340444,NA
"Chlamydomonas parkeae",495286,NA
"Licmophora cf.abbreviata",NA,NA
"Phyllostaurus cuspidatus",1701377,"plankton > mixoplankton > endosymbiotic Specialist Non-Constitutive Mixoplankton"
"Pseudotontonia simplicidens",595199,"plankton > mixoplankton > General Non-Constitutive Mixoplankton"
"Limaria hians",140235,NA
"Stenosemella pacifica",NA,NA
"Chelonemonas dolani",NA,NA
"Hydroides elegans",131002,NA
"Tintinnopsis parvula",417153,NA
"Nemalion elminthoides",145765,NA
"Aulacantha scolymantha",391970,NA
"Pelagomonas calceolata",345504,"plankton > phytoplankton"
"Ochlochaete hystrix",146012,NA
"Phymatolithon lamii",145201,NA
"Gelidium yoshidae",NA,NA
"Acanthocolla cruciata",NA,NA
"Plagiomonas amylosa",NA,NA
"Scrippsiella acuminata",1321853,"plankton > microplankton; plankton > nanoplankton; plankton > phytoplankton; plankton > mixoplankton > Constitutive Mixoplankton"
"Asterionellopsis glacialis",149139,"plankton > phytoplankton"
"Hexamita nelsoni",NA,NA
"Onychocamptus bengalensis",356546,NA
"Gonothyraea loveni",117377,NA
"Rictus lutensis",NA,NA
"Populus trichocarpa",NA,NA
"Basichlamys sacculifera",NA,NA
"Turbanella cornuta",114692,NA
"Mesanophrys pugettensis",NA,NA
"Cerastoderma edule",138998,NA
"Pellioditis marina",153398,NA
"Heribaudiella fluviatilis",NA,NA
"Cryptomonas tetrapyrenoidosa",NA,NA
"Strombidium conicum",101289,"plankton > mixoplankton > General Non-Constitutive Mixoplankton"
"Tintinnopsis urnula",427439,NA
"Dinophysis fortii",109624,"plankton > microplankton; plankton > mixoplankton > plastid Specialists Non-Constitutive Mixoplankton"
"Acartia bifilosa",104249,NA
"Mytilus edulis",140480,NA
"Vorticella aequilata",417503,NA
"Dolichomacrostomum uniporum",142735,NA
"Neanthes succinea",130391,NA
"Gymnodinioides pitelkae",389272,NA
"Thalassiosira hispida",625490,NA
"Lecudina tuzetae",563127,NA
"Wilbertomorpha colpoda",NA,NA
"Islandinium tricingulatum",839791,"plankton > zooplankton"
"Ellipsomyxa gobii",395971,NA
"Cryptomonas curvata",NA,NA
"Chlamydomonas reinhardtii",NA,NA
"Aspidisca leptaspis",417100,NA
"Phaeophila dendroides",145778,NA
"Micromonas pusilla",134564,"plankton > mixoplankton > Constitutive Mixoplankton"
"Minorisa minuta",1845407,NA
"Titanoderma pustulatum",145216,NA
"Ellobiopsis chattonii",707815,NA
"Mycale fibrexilis",184424,NA
"Tintinnopsis rara",232079,NA
"Aspidosiphon misakiensis",425023,NA
"Blixaea quinquecornis",1360848,"plankton > mixoplankton > endosymbiotic Specialist Non-Constitutive Mixoplankton"
"Kapraunia schneideri",1346787,NA
"Chlorocystis moorei",1871822,NA
"Climacosphenia moniligera",248082,"benthos"
"Kryptoperidinium foliaceum",110154,"plankton > microplankton; plankton > mixoplankton > endosymbiotic Specialist Non-Constitutive Mixoplankton; plankton > mixoplankton > plastid Specialists Non-Constitutive Mixoplankton"
"Licmophora grandis",622225,NA
"Heterosiphonia pulchra",372408,NA
"Typhlamphiascus typhlops",116024,NA
"Neogoniolithon brassica-florida",145191,NA
"Tintinnopsis lobiancoi",163919,NA
"Psammodictyon constrictum",NA,NA
"Clathrina hondurensis",164667,NA
"Leucandra nicolae",345789,NA
"Ulvella endozoica",732252,NA
"Strombidium capitatum",101282,"plankton > mixoplankton > General Non-Constitutive Mixoplankton"
"Heterohartmannula fangi",NA,NA
"Polysiphonia sertularioides",144666,NA
"Calocalanus minutus",346221,NA
"Aspidisca steini",417106,NA
"Phalacroma rotundatum",156505,"plankton > microplankton; plankton > zooplankton"
"Pterocladiella capillacea",145599,NA
"Auritoglyptes bicornis",439002,NA
"Isias clavipes",104501,NA
"Guinardia striata",149113,"plankton > phytoplankton"
"Chaetoceros lorenzianus",156617,"plankton > phytoplankton"
"Centropages typicus",104499,NA
"Oithona davisae",353995,NA
"Laodicea undulata",117725,"plankton > macroplankton; plankton > zooplankton"
"Chaetoceros costatus",149289,"plankton > phytoplankton"
"Chaetoceros muelleri",163098,"plankton > phytoplankton"
"Botrylloides violacea",NA,NA
"Chaetoceros elegans",NA,NA
"Heterosigma akashiwo",160585,"plankton > mixoplankton > Constitutive Mixoplankton"
"Bacteriastrum parallelum",656612,NA
"Tenuicylindrus belgicus",NA,NA
"Clavelina meridionalis",250313,NA
"Labidoplax digitata",124456,NA
"Pectinaria(Metazoa) koreni",NA,NA
"Acartia clausii",416523,NA
"Protodrilus gracilis",130845,NA
"Pomatoceros triqueter",131027,NA
"Leptocylindrus danicus",149106,"plankton > phytoplankton"
"Schmidingerella taraikaensis",732665,NA
"Chaetoceros decipiens",149126,"plankton > phytoplankton"
"Cephalothrix rufifrons",122599,NA
"Canuella perplexa",115723,"benthos; benthos > meiobenthos"
"Octactis octonaria",375970,NA
"Strongylocentrotus purpuratus",240747,NA
"Irus mitis",507712,NA
"Polykrikos kofoidii",109899,"plankton > microplankton; plankton > zooplankton"
"Selenidium sabellariae",563188,NA
"Jania pedunculata.var.adhaerens",NA,NA
"Pycnococcus provasolii",376073,"plankton > phytoplankton"
"Polycirrus eximius",157533,NA
"Licmophora gracilis",149343,"benthos; plankton > phytoplankton"
"Pelagospilus aureus",1306237,NA
"Amphidinium massartii",109743,"benthos > microbenthos; plankton > microplankton; plankton > phytoplankton"
"Agissea distenta",1639614,NA
"Ameira scotti",115525,NA
"Heteromastus filiformis",129884,"benthos > macrobenthos"
"Bysmatrum subsalsum",233840,"benthos > microbenthos"
"Spongites fruticulosus",145212,NA
"Margalefidinium polykrikoides",990876,"plankton > mixoplankton > Constitutive Mixoplankton"
"Prasinococcus capsulatus",375880,NA
"Paralaophonte congenera",116290,NA
"Chrysopetalum debile",129927,NA
"Sertularella mediterranea",117903,NA
"Cylindrotheca closterium",149004,"plankton > phytoplankton"
"Protoceratium reticulatum",110321,"plankton > phytoplankton; plankton > microplankton; plankton > mixoplankton > Constitutive Mixoplankton"
"Notomastus latericeus",129898,"benthos > macrobenthos; benthos > megabenthos"
"Striatella unipunctata",149177,"benthos; plankton > phytoplankton"
"Bacillaria paxillifera",558243,"benthos; plankton > phytoplankton"
"Polysiphonia anomala",373142,NA
"Irvinea ardreana",145849,NA
"Chondrilla(Metazoa) nucula",NA,NA
"Biomphalaria glabrata",NA,NA
"Holothuria leucospilota",1672774,NA
"Fugacium kawagutii",1699480,NA
"Codonellopsis americana",417158,NA
"Parvocaulis parvulus",376334,NA
"Clytia noliformis",117372,NA
"Prosthiostomum siphunculus",142842,NA
"Coryne muscoides",117469,NA
"Ceramium virgatum",NA,NA
"Brania arminii",131280,"benthos > macrobenthos"
"Enterobius vermicularis",NA,NA
"Echinoplana celerrima",142823,NA
"Perinereis aibuhitensis",716016,NA
"Tamarix aucheriana",NA,NA
"Acetabularia acetabulum",494795,NA
"Glauconema sinica",NA,NA
"Mesanophrys carcini",427050,NA
"Dysteria lanceolata",427190,NA
"Cenchrus americanus",NA,NA
"Pyramimonas propulsa",495347,NA
"Thraustochytrium kinnei",119121,NA
"Holosticha bradburyae",427869,NA
"Hyalosira delicatula",573478,NA
"Lithophyllum incrustans",145152,NA
"Derouxella lembodes",NA,NA
"Amphiroa hancockii",372911,NA
"Chaetoceros diversus",157431,"plankton > phytoplankton"
"Phymatolithon variabile",1737302,NA
"Cafeteria mylnikovii",1736978,NA
"Aurila disparata",461354,NA
"Cobanocythere japonica",778063,NA
"Thecadinium kofoidii",110273,"plankton > mixoplankton > Constitutive Mixoplankton; benthos > microbenthos"
"Thecamonas trahens",103433,NA
"Euduboscquella crenulata",1728658,"plankton > phytoplankton"
"Tintinnidium mucicola",247944,NA
"Bacteriastrum mediterraneum",418487,NA
"Pyura dura",103849,NA
"Eutintinnus lususundae",247939,NA
"Phallusia fumigata",103722,NA
"Tintinnopsis radix",235757,"plankton > microplankton"
"Favella panamensis",417251,NA
"Bacteriastrum jadranum",764850,"plankton > phytoplankton"
"Tintinnidium cf.primitivum",NA,NA
"Eutintinnus tenuis",417221,NA
"Spongoclonium caribaeum",526670,NA
"Cephalothrix queenslandica",388370,NA
"Dinovorax pyriformis",1731853,NA
"Tintinnopsis dadayi",417147,NA
"Bacteriastrum elegans",418486,NA
"Chaetoceros cf.tortissimus",NA,NA
"Acineta(Alveolata) tuberosa",NA,NA
"Zoothamnium ignavum",NA,NA
"Tintinnopsis everta",427414,NA
"Chaetoceros brevis",149291,"plankton > phytoplankton"
"Apokeronopsis sinica",NA,NA
"Alsidium seaforthii",650758,NA
"Syndinium turbo",562993,NA
"Pelagostrobilidium minutum",732814,NA
"Sphaerosyllis pirifera",131392,"benthos > macrobenthos"
"Modiolicola bifida",353520,NA
"Parvicardium exiguum",139008,NA
"Nephtys hombergii",130359,NA
"Molgula occidentalis",103790,NA
"Rhopalura ophiocomae",119178,NA
"Poikilolaimus oxycercus",NA,NA
"Eulalia(Metazoa) viridis",NA,NA
"Rhinomonas reticulata.var.atrorosea",NA,NA
"Astrosphaera hexagonalis",493304,NA
"Aetea anguina",111062,NA
"Diutina catenulata",NA,NA
"Cryothecomonas aestivalis",118045,"plankton > mixoplankton > Constitutive Mixoplankton"
"Parietaria judaica",NA,NA
"Spirorbis spirorbis",131237,NA
"Chitinopoma serrula",130986,NA
"Eupolymnia nesidensis",131490,"benthos > macrobenthos"
"Triparma eleuthera",1373543,NA
"Amphitritides gracilis",131480,"benthos > macrobenthos"
"Lychnaspis giltschii",NA,NA
"Filicrisia geniculata",111708,NA
"Crisia eburnea",111696,NA
"Cypassis irregularis",493466,NA
"Hatschekia pagrosomi",352192,NA
"Ectopleura obypa",285961,NA
"Snorkelia prorocentri",1731855,NA
"Pista cristata",131516,"benthos > macrobenthos"
"Nototeredo norvagica",181368,NA
"Corycaeus speciosus",128800,NA
"Metacylis joergenseni",NA,NA
"Dasybranchus caducus",129881,"benthos > macrobenthos; benthos > megabenthos"
"Parvocalanus crassirostris",360051,NA
"Bigelowiella longifila",590828,NA
"Tintinnopsis tocantinensis",417156,NA
"Florenciella parvula",178628,NA
"Trieres chinensis",NA,NA
"Minutocellus polymorphus",464449,"plankton > phytoplankton"
"Streblospio benedicti",131191,"benthos > macrobenthos"
"Obelia geniculata",117388,NA
"Ensis ensis",140733,NA
"Odontella(Straminipila) rostrata",NA,NA
"Strombidinopsis jeokjo",388815,NA
"Trieres mobiliensis",839991,"benthos; plankton > phytoplankton"
"Protodrilus pythonius",744904,NA
"Pyramimonas gelidicola",341612,"plankton > mixoplankton > Constitutive Mixoplankton"
"Eunotogramma laeve",418464,NA
"Thalassiosira gravida",149102,"plankton > phytoplankton"
"Pseudodiaptomus marinus",360352,NA
"Storeatula major",573985,NA
"Strombidium triquetrum",101338,NA
"Thalassiosira minima",148925,"plankton > phytoplankton"
"Thalassiosira curviseriata",345532,"plankton > phytoplankton"
"Lutraria lutraria",140295,NA
"Skeletonema costatum",149074,"benthos; plankton > phytoplankton"
"Nereis sandersi",329739,NA
"Diurodrilus subterraneus",129996,NA
"Pelagostrobilidium paraepacrum",732815,"plankton > zooplankton"
"Clytia gracilis",117367,NA
"Rhizosolenia imbricata",149116,"plankton > phytoplankton"
"Thalassiosira lundiana",495542,"plankton > phytoplankton"
"Eucampia zodiacus",149131,"benthos; plankton > phytoplankton"
"Chaetoceros diadema",149128,"plankton > phytoplankton"
"Pirsonia punctigera",NA,NA
"Protoperidinium claudicans",163862,"plankton > microplankton; plankton > zooplankton"
"Bacteriastrum hyalinum",149119,"benthos; plankton > phytoplankton"
"Detonula pumila",149647,"plankton > phytoplankton"
"Eutintinnus tubulosus",417222,NA
"Eutintinnus pectinis",417214,NA
"Opercularella lacerata",117413,NA
"Electra pilosa",NA,NA
"Protoperidinium monovelum",233123,NA
"Hypocoma acinetarum",134896,NA
"Chaetoceros affinis",149241,"plankton > phytoplankton"
"Chaetoceros didymus",149122,"benthos; plankton > phytoplankton"
"Lagenidium callinectes",172207,NA
"Proceraea cornuta",131362,"benthos > macrobenthos"
"Lynnella semiglobulosa",595101,NA
"Spermatozopsis similis",NA,NA
"Chroomonas mesostigmatica",573826,NA
"Ficopomatus enigmaticus",130988,NA
"Spermatozopsis exsultans",NA,NA
"Eurytemora affinis",104872,NA
"Polysiphonia subtilissima",144674,NA
"Thalassiosira gessneri",NA,NA
"Microglena uva-maris",837860,NA
"Blidingia dawsonii",376936,NA
"Rhoicosphenia cf.abbreviata",NA,NA
"Tabularia fasciculata",157061,"benthos; plankton > phytoplankton"
"Chlamydonellopsis calkinsi",427180,NA
"Aglaura hemistoma",117851,NA
"Limacina retroversa",140227,NA
"Pseudocalanus elongatus",104515,NA
"Tubulanus annulatus",122626,NA
"Convoluta convoluta",142602,NA
"Fucus distichus",145544,NA
"Oxyrrhis marina",109902,"plankton > microplankton; plankton > zooplankton"
"Paraphysomonas imperforata",341603,"plankton > zooplankton"
"Rimostrombidium veniliae",101219,NA
"Clytia hemisphaerica",117368,NA
"Licmophora juergensii",172634,NA
"Monostroma grevillei",145940,NA
"Turtonia minuta",141875,NA
"Hiatella arctica",140103,NA
"Protomonostroma undulatum",145946,NA
"Ophelia rathkei",130496,"benthos > macrobenthos"
"Nereimyra punctata",130185,NA
"Vertebrata lanosa",475211,NA
"Pedinella elastica",NA,NA
"Pseudocalanus moultoni",157678,NA
"Bicosta minor",105557,NA
"Pseudochattonella farcimen",531467,"plankton > phytoplankton"
"Chaetoceros socialis.var.debilis",NA,NA
"Coscinodiscopsis jonesiana",450730,"plankton > phytoplankton"
"Glycine max",NA,NA
"Diaphanoeca grandis",105571,"plankton > zooplankton; plankton > microplankton"
"Thalassiosira angustelineata",NA,NA
"Chaetoceros cf.mitra",NA,NA
"Eutima gracilis",117515,NA
"Thalassiosira delicatula",NA,NA
"Merlia normani",168482,NA
"Aureococcus anophagefferens",375699,NA
"Fragilidium subglobosum",109705,"plankton > phytoplankton; plankton > microplankton; plankton > mixoplankton > Constitutive Mixoplankton"
"Chloropicon laureae",1361155,NA
"Pseudobodo tremulans",104015,NA
"Citrithrix smalli",NA,NA
"Astericola clausii",349022,NA
"Gigartacon muelleri",NA,NA
"Monostroma nitidum",371800,NA
"Caligus curtus",135749,NA
"Gyrodinium rubrum",628278,"plankton > zooplankton"
"Loxosomella stomatophora",388059,NA
"Grammatodinium tongyeonginum",1306117,"plankton > mixoplankton > Constitutive Mixoplankton"
"Protorhabdonella curta",183553,NA
"Pleurobrachia pileus",106386,"plankton > macroplankton; plankton > zooplankton"
"Poecilochaetus serpens",130711,NA
"Ophiothrix oerstedii",245258,NA
"Bicosoeca vacillans",NA,NA
"Phyllochaetopterus socialis",129920,NA
"Favella azorica",417248,"plankton > microplankton"
"Temora discaudata",220898,NA
"Gastrochaena dubia",140021,NA
"Alexandrium affine",109707,"plankton > mixoplankton > Constitutive Mixoplankton; plankton > phytoplankton"
"Pseudocohnilembus hargisi",427070,NA
"Annulonemertes minusculus",122811,NA
"Tricolia pullus",141700,NA
"Enoplus meridionalis",121792,NA
"Chelonaplysilla erecta",NA,NA
"Bilabrum latius",NA,NA
"Apoglossum spathulatum",214165,NA
"Laurus nobilis",NA,NA
"Triadinium(Alveolata) polyedricum",NA,NA
"Halecium muricatum",117597,NA
"Amphorides quadrilineata",235769,"plankton > zooplankton"
"Haeckelia rubra",106370,NA
"Steenstrupiella steenstrupii",183546,NA
"Gymnodinium impudicum",232785,"plankton > mixoplankton > Constitutive Mixoplankton"
"Leptocylindrus convexus",839792,"plankton > phytoplankton"
"Crassostrea gigas",140656,NA
"Prostheceraeus vittatus",142820,NA
"Cirriformia tentaculata",129964,NA
"Tintinnopsis tubulosoides",417157,NA
"Levanderina fissa",840689,"plankton > microplankton; plankton > mixoplankton > Constitutive Mixoplankton; benthos > microbenthos"
"Protoperidinium depressum",110217,"plankton > microplankton; plankton > zooplankton; plankton > phytoplankton"
"Prionospio kirrae",331133,NA
"Spiniferites ramosus",668481,NA
"Thalassiosira aestivalis",345529,NA
"Strombidinopsis acuminata",101350,NA
"Fulvia(Metazoa) mutica",NA,NA
"Lophosiphonia teges",1359371,NA
"Acartia negligens",104259,NA
"Hyalopale zerofskii",1378158,NA
"Pseudendoclonium arthopyreniae",NA,NA
"Aglaophenia pluma",117283,NA
"Scopalina lophyropoda",132557,"benthos > macrobenthos"
"Eumida sanguinea",130644,"benthos > macrobenthos"
"Chytriodinium roseum",547713,NA
"Phycodrys rubens",144773,NA
"Thalassiosira punctigera",148936,"plankton > phytoplankton"
"Molgula complanata",103776,NA
"Corallina officinalis",145108,NA
"Chloroparvula pacifica",1361158,NA
"Chelonicola caribeana",NA,NA
"Spirorbis tridentatus",NA,NA
"Paralia sulcata",149055,"benthos; plankton > phytoplankton"
"Halisarca dujardini",NA,NA
"Synedra fragilarioides",840520,NA
"Chaetoceros teres",149125,"plankton > phytoplankton"
"Trizoma brandti",NA,NA
"Nucula nitidosa",140589,NA
"Parvamoeba rugata",120633,NA
"Nannochloropsis limnetica",NA,NA
"Tausonia pullulans",NA,NA
"Fibrocapsa japonica",233761,"plankton > mixoplankton > Constitutive Mixoplankton"
"Tachidius discipes",157725,NA
"Amphibalanus improvisus",421139,NA
"Polydora cornuta",131143,"benthos > macrobenthos"
"Calma gobioophaga",181241,NA
"Chaetoceros socialis",149123,"plankton > phytoplankton"
"Alitta succinea",234850,"benthos > macrobenthos"
"Attheya longicornis",464444,"plankton > phytoplankton"
"Skeletonema pseudocostatum",375916,"plankton > phytoplankton"
"Filobasidium floriforme",NA,NA
"Rhodotorula mucilaginosa",987149,NA
"Octactis speculum",1310442,"plankton > phytoplankton"
"uncultured diatom",NA,NA
"Skeletonema potamos",163390,"plankton > phytoplankton"
"Phaeocystis globosa",160538,"plankton > mixoplankton > Constitutive Mixoplankton; plankton > phytoplankton"
"Thalassiosira profunda",577742,"plankton > phytoplankton"
"Nitophyllum punctatum",144770,NA
"Ascidia ahodori",249965,NA
"Clausocalanus arcuicornis",104502,NA
"Oncaea scottodicarloi",128950,NA
"Asterionellopsis thurstonii",1669590,NA
"Oithona plumifera",NA,NA
"Chthamalus montagui",106230,NA
"Temora stylifera",104879,NA
"Orthopyxis everta",117392,NA
"Paracalanus quasimodo",354162,NA
"Sundstroemia setigera",1590706,"benthos; plankton > phytoplankton"
"Synchaeta baltica",135047,NA
"Sulcospira paludiformis",NA,NA
"Centropages hamatus",104496,NA
"Litoditis marina",760681,"benthos > meiobenthos"
"Marenzelleria neglecta",181523,"benthos > macrobenthos"
"Ahnfeltia plicata",144422,NA
"Ahnfeltia borealis",707829,NA
"Acartia margalefi",104258,NA
"Campanularia hincksii",117364,NA
"Paracalanus nanus",104684,NA
"Nemalecium lighti",290449,NA
"Naineris setosa",334062,NA
"Agalma elegans",135484,"plankton > megaplankton; plankton > zooplankton"
"Holothuria sanctori",241357,NA
"Trichogloeopsis pedicellata",145766,NA
"Pterocladiella melanoidea",145600,NA
"Branchiomma boholense",130877,NA
"Pseudonereis anomala",130421,NA
"Oncaea mediterranea",128939,NA
"Liagora nesophila",1369788,NA
"Palisada tenerrima",834118,NA
"Herposiphonia pecten-veneris",373128,NA
"Gloiocallis dendroidea",840185,NA
"Solmundella bitentaculata",117267,"plankton > zooplankton"
"Hymeniacidon perlevis",132663,"benthos > macrobenthos; benthos > megabenthos"
"Subadyte pellucida",130833,NA
"Pseudochattonella verruculosa",531446,"plankton > phytoplankton"
"Oithona nana",106651,NA
"Nannocalanus minor",104469,NA
"Pseudo-nitzschia pseudodelicatissima",156548,"plankton > phytoplankton"
"Aurelia coerulea",292506,NA
"Pseudopolydora paucibranchiata",131168,"benthos > macrobenthos"
"Synchaeta triophthalma",135066,NA
"Bugula neritina",111158,NA
"Obelia dichotoma",117386,NA
"Pleopis polyphemoides",247981,"plankton > zooplankton; plankton > mesoplankton"
"Bittium reticulatum",139054,NA
"Paracartia grani",104264,NA
"Chiton olivaceus",NA,NA
"Haliclona cinerea",231816,NA
"Scolelepis mesnili",131176,NA
"Stypopodium schimperi",145391,NA
"Dasya collinsiana",374974,NA
"Lophocladia trichoclados",144836,NA
"Eurythoe complanata",129829,"benthos > macrobenthos"
"Jania pedunculata",501657,NA
"Spurilla neapolitana",138722,NA
"Phorbas bihamiger",169314,NA
"uncultured Corallinales",NA,NA
"Watersipora subtorquata",111592,NA
"Patella rustica",140683,NA
"Actinostella flosculifera",289355,NA
"Gastroclonium reflexum",145811,NA
"Myrianida pachycera",334043,NA
"Acanthonyx lunulatus",107312,NA
"Pseudopolydora floridensis",598854,NA
"Chondracanthus acicularis",145623,NA
"Spermatochnus paradoxus",145008,NA
"Acrochaetium catenulatum",144334,NA
"Liagora viscida",145764,NA
"Gelidium crinale",145580,NA
"Grateloupia turuturu",295880,NA
"Biuve fulvipunctata",1055233,NA
"Hydrobius fuscipes",NA,NA
"Cladosporium sphaerospermum",1415544,NA
"Dendropoma petraeum",141938,NA
"Herposiphonia secunda",214222,NA
"Lissodendoryx carolinensis",192322,NA
"Trithemis kirbyi",NA,NA
"Bigelowiella natans",376277,NA
"Laurencia microcladia",144825,NA
"Cornularia cornucopiae",125423,NA
"Tedania ignis",404078,NA
"Helminthocladia australis",213783,NA
"Herposiphonia akidoglossa",214217,NA
"Tethya citrina",134312,"benthos > macrobenthos"
"Anacaena lutescens",NA,NA
"Syllis crassicirrata",852359,NA
"Phoronis hippocrepia",128548,"benthos > macrobenthos"
"Centropages ponticus",104498,NA
"Oltmannsiellopsis viridis",526636,NA
"Perforatus perforatus",535477,NA
"Duvaucelia manicata",1473657,NA
"Leiochone leiopygos",559007,NA
"Nemastoma dichotomum",145642,NA
"Heliconoides inflatus",605965,NA
"Sphyraena viridensis",127069,NA
"Odontosyllis gibba",131328,"benthos > macrobenthos"
"Clausocalanus mastigophorus",104506,NA
"Pista colini",1339816,NA
"Clausocalanus paululus",104508,NA
"Phylo foetida",130528,NA
"Clausocalanus lividus",104505,NA
"Holothuria mammata",732359,NA
"Seinura italiensis",NA,NA
"Zanclea giancarloi",231662,NA
"Loensia variegata",NA,NA
"Amphinema rugosum",117781,NA
"Jujubinus gravinae",141808,NA
"Laccobius striatulus",NA,NA
"Doto cervicenigra",139628,NA
"Bougainvillia muscus",117328,NA
"Anteaeolidiella lurana",730437,NA
"Triconia minuta",128960,NA
"Edmundsella pedata",1047602,NA
"Ectopsocus briggsi",NA,NA
"Cobitis atlantica",NA,NA
"Tanytarsus signatus",NA,NA
"Ectopleura wrighti",117986,NA
"Tenellia adspersa",141639,NA
"Pandeopsis ikarii",288354,NA
"Crematogaster scutellaris",NA,NA
"Olpidiopsis feldmanni",172204,NA
"Pseudevadne tergestina",106278,"plankton > zooplankton; plankton > mesoplankton"
"Nototeredo knoxi",420994,NA
"Caecum trachea",138957,NA
"Corambe obscura",139407,NA
"Austrominius modestus",712167,NA
"Halichondria panicea",132627,NA
"Nephtys assimilis",130353,NA
"Trieres regia",839996,"benthos; plankton > phytoplankton"
"Lithodesmium undulatum",149322,"benthos; plankton > phytoplankton"
"Phoronis pallida",128551,"benthos > macrobenthos"
"Odontella aurita",149050,"benthos; plankton > phytoplankton"
"Nemopsis bachei",117348,NA
"Mnemiopsis leidyi",106401,"plankton > macroplankton; plankton > zooplankton"
"Stephanopyxis turris",149631,"plankton > phytoplankton"
"Thalassiosira nordenskioeldii",148931,"plankton > phytoplankton"
"Harpacticus flexus",116168,NA
"Mulinia lateralis",156870,NA
"Pseudo-nitzschia pungens",160528,"plankton > phytoplankton"
"Pseudo-nitzschia delicatissima",149153,"plankton > phytoplankton"
"Magelona johnstoni",130269,NA
"Lanice conchilega",131495,"benthos > macrobenthos; benthos > megabenthos"
"Eunereis longissima",130375,"benthos > macrobenthos; benthos > megabenthos"
"Pseudo-nitzschia americana",478556,"plankton > phytoplankton"
"Thalassionema nitzschioides",149093,"benthos; plankton > phytoplankton"
"Skeletonema japonicum",376666,NA
"Pseudo-nitzschia multistriata",246608,NA
"Chattonella marina",233780,NA
"Coscinodiscus granii",149271,"plankton > phytoplankton"
"Thalassiosira rotula",148942,"plankton > phytoplankton"
"Eucheilota maculata",117535,NA
"Synchaeta vorax",135067,NA
"Skeletonema dohrnii",489112,"plankton > phytoplankton"
"Jassa marmorata",102433,"benthos > macrobenthos"
"Gelidium vagum",372129,NA
"Podosira stelligera",149060,"benthos; plankton > phytoplankton"
"Thalestris longimana",116619,NA
"Aulacoseira ambigua",NA,NA
"Discostella angainor",NA,NA
"Navicula ramosissima",149643,"benthos"
"Bryocladia subtilissima",NA,NA
"Melosira varians",NA,NA
"Amphiura filiformis",125080,NA
"Oncaea waldemari",360846,NA
"Dynamena pumila",117888,NA
"Leuckartiara octona",117791,NA
"Clione limacina",139178,NA
"Tricellaria inopinata",111254,NA
"Oithona similis",106656,NA
"Aglantha digitale",117849,NA
"Myrianida edwarsi",238194,"benthos > macrobenthos"
"Amphiura chiajei",125073,NA
"Ophiocten affinis",124850,NA
"Metridium senile",100982,NA
"Ophiura albida",124913,NA
"Dodecaceria concharum",129967,NA
"Schizoporella japonica",470388,NA
"Philine denticulata",140750,NA
"Sagartiogeton laceratus",100999,NA
"Pseudo-nitzschia plurisecta",832129,NA
"Parasagitta setosa",105443,"plankton > zooplankton; plankton > macroplankton"
"Polycera quadrilineata",140838,NA
"Clava multicornis",117426,NA
"Brissopsis lyrifera",124373,NA
"Mactra stultorum",140299,NA
"Acartia hudsonica",157664,NA
"Hubrechtella dubia",122607,NA
"Penilia avirostris",106272,"plankton > zooplankton; plankton > mesoplankton"
"Haminella solitaria",1342053,NA
"Verruca stroemia",106257,NA
"Acartia longiremis",104257,NA
"Pholoe baltica",130599,NA
"Dictyosiphon ekmanii",145321,NA
"Pylaiella washingtoniensis",373984,NA
"Dictyosiphon foeniculaceus",145322,NA
"Cauloramphus magnus",469300,NA
"Onoba semicostata",141320,NA
"Pseudo-nitzschia cuspidata",370512,NA
"Pseudo-nitzschia abrensis",832130,NA
"Clausocalanus pergens",104509,NA
"Ophiocomina nigra",125027,NA
"Eumida fauchaldi",1591960,NA
"Pseudostephanoeca paucicostata",NA,NA
"Paracalanus indicus",104683,NA
"Halopteris diaphana",117632,NA
"Zygomolgus dentatus",362388,NA
"Favorinus branchialis",139940,NA
"Nitzschia longissima",149150,"plankton > phytoplankton"
"Akera bullata",138734,NA
"Neanthes nubila",334102,NA
"Scolelepis squamata",131177,NA
"Eulalia ornata",130632,"benthos > macrobenthos"
"Sabellaria alveolata",130866,NA
"Haminoea orteai",140077,NA
"Rocellaria dubia",505249,NA
"Podocorynoides minima",284874,NA
"Sabellaria spinulosa",130867,NA
"Peyssonnelia rubra",145287,NA
"Nanomia bijuga",135495,"plankton > macroplankton; plankton > zooplankton"
"Glycera fallax",336908,NA
"Navicula avium",1288239,NA
"Microcosmus squamiger",236666,NA
"Clanculus cruciatus",141772,NA
"Bifurcaria bifurcata",145503,NA
"Phyllodoce madeirensis",130677,NA
"Prionospio fallax",131157,NA
"Terebella lapidaria",131542,NA
"Chamelea striatula",141908,NA
"Spio decorata",152314,NA
"Eumida merope",564487,NA
"Xantho poressa",107442,NA
"Malacoceros fuliginosus",131131,"benthos > macrobenthos"
"Neobrightwellia alternans",NA,NA
"Jorunna tomentosa",140166,NA
"Celleporella hyalina",111397,NA
"Asterionellopsis lenisilicea",NA,NA
"Jassa pusilla",102437,"benthos > macrobenthos"
"Steromphala cineraria",1039839,NA
"Dendrodoa grossularia",103882,NA
"Bombus terrestris",NA,NA
"Ectocarpus fasciculatus",NA,NA
"Metriocnemus albolineatus",NA,NA
"Mastocarpus stellatus",145650,NA
"Paralemanea annulata",NA,NA
"Paramoeba pemaquidensis",120624,NA
"Vannella simplex",120663,NA
"Oscarella balibaloi",564911,NA
"Amphilectus fucorum",150225,"benthos > macrobenthos; benthos > megabenthos"
"Phymatolithon lenormandii",145202,NA
"Cyclostephanos dubius",NA,NA
"uncultured eukaryote",NA,NA
"Syltodinium listii",110283,"plankton > microplankton"
"uncultured Chrysophyceae",NA,NA
"Ceramium diaphanum",144546,NA
"Pylaiella littoralis",157188,NA
"uncultured Cercozoa",NA,NA
"uncultured stramenopile",NA,NA
"uncultured metazoan",NA,NA
"uncultured Tintinnida",NA,NA
"uncultured Cryptophyta",NA,NA
"uncultured Oomycota",NA,NA
"uncultured fungus",NA,NA
"Paraplanocera oligoglena",483655,NA
"uncultured ciliate",NA,NA
"Sourniaea diacantha",1760858,"plankton > microplankton; plankton > phytoplankton"
"Oncorhynchus kisutch",127184,NA
"uncultured Cryptomycota",NA,NA
"uncultured Perkinsea",NA,NA
"uncultured Pedinophyceae",NA,NA
"Mucochytrium quahogii",NA,NA
"uncultured Syndiniales",NA,NA
"uncultured dinoflagellate",NA,NA
"Plagioselmis prolonga",106303,NA
"Gyrodinium jinhaense",1780432,NA
"Hydractinia symbiolongicarpus",284904,NA
"uncultured labyrinthulid",NA,NA
"Pseudendoclonium incrustans",NA,NA
"uncultured Anteholosticha",NA,NA
"Acineta flava",NA,NA
"Enoplolaimus attenuatus",121850,"benthos > meiobenthos"
"Caloneis amphisbaena",149489,"plankton > phytoplankton"
"uncultured alveolate",NA,NA
"Metadesmolaimus aduncus",121569,"benthos > meiobenthos"
"uncultured Rhizophydiales",NA,NA
"Halichaetonotus paradoxus",114520,NA
"Nitzschia capitellata",NA,NA
"Myxophyllum magnum",427077,NA
"uncultured Amoebophrya",NA,NA
"Melosira dubia",149243,"plankton > phytoplankton"
"Licmophora abbreviata",157062,"benthos; plankton > phytoplankton"
"Peyssonnelia dubyi",145278,NA
"Myrmekioderma granulatum",166018,"benthos > megabenthos; benthos > macrobenthos"
"Aegyriana oliva",427205,NA
"Fragilidium mexicanum",573696,"plankton > mixoplankton > Constitutive Mixoplankton; plankton > phytoplankton"
"Vermiliopsis striaticeps",131061,NA
"uncultured prasinophyte",NA,NA
"Peyssonnelia rosenvingei",374814,NA
"uncultured Mamiellales",NA,NA
"Navicula perminuta",172731,"benthos"
"Bacillaria paxillifer",149149,NA
"Amphidinium fijiensis",NA,NA
"Anisolpidium rosenvingei",172252,NA
"Monorhizochytrium globosum",NA,NA
"Spinosphaera hutchingsae",332039,NA
"uncultured Apusozoa",NA,NA
"Blidingia minima",145950,NA
"Desmochloris halophila",577660,NA
"Leucosolenia variabilis",132233,NA
"Dysteria derouxi",388764,NA
"Nitzschia frigida",175400,"plankton > phytoplankton"
"Kirchenpaueria pinnata",117674,NA
"Pyramimonas formosa",NA,NA
"Diophrys oligothrix",341638,NA
"Euduboscquella triangula",NA,NA
"Glauconema trihymene",427062,NA
"Acineta tuberosa",172366,"benthos > microbenthos"
"Salvatoria limbata",195989,"benthos > macrobenthos; benthos > meiobenthos"
"uncultured Rhizaria",NA,NA
"uncultured Pyramimonadales",NA,NA
"Chroomonas debatzensis",NA,NA
"Amphicorina ascidicola",598903,NA
"uncultured Porifera",NA,NA
"Nitzschia amabilis",577636,"benthos"
"Spiniferites mirabilis",NA,NA
"Hesionura elongata",130649,"benthos > macrobenthos"
"Rhaphoneis amphiceros",149066,"benthos; plankton > phytoplankton"
"Actinocyclus curvatulus",345847,"benthos"
"Ephelota truncata",427253,NA
"Edaphochloris andreyevii",NA,NA
"Paraphysomonas hebetispina",NA,NA
"uncultured Fragilariophycidae",NA,NA
"Tripos macroceros",841260,"plankton > microplankton; plankton > phytoplankton"
"Chaetoceros throndsenii",163137,"plankton > phytoplankton"
"Antetintinnidium mucicola",1800184,NA
"uncultured Phaeophyceae",NA,NA
"Pseudendoclonium fucicola",156368,NA
"Aegilops tauschii",NA,NA
"Fallopia convolvulus",NA,NA
"uncultured Plasmodiophoridae",NA,NA
"uncultured Strombidiidae",NA,NA
"Chaetoceros willei",156625,"plankton > phytoplankton"
"uncultured Gyrodinium",NA,NA
"Symsagittifera roscoffensis",484585,NA
"Zoothamnium apoarbuscula",NA,NA
"Paraphysomonas foraminifera",428752,NA
"Apoglossum ruscifolium",144737,NA
"Crisia denticulata",111695,NA
"Ataxiodinium choanum",632674,NA
"uncultured chlorarachniophyte",NA,NA
"Ercolania felina",494665,NA
"Fulvia mutica",605735,NA
"uncultured Chlorophyta",NA,NA
"Merlangius merlangus",126438,NA
"Chelon labrosus",126977,NA
"Coris atlantica",273547,NA
"Trachurus trachurus",126822,NA
"Rhamdia cf. jequitinhonha NS 3056B",NA,NA
"Parablennius marmoreus",159609,NA
"Ammodytes tobianus",126752,NA
"Zoarces viviparus",127123,NA
"Microchirus variegatus",274304,NA
"Apogonichthyoides niger",475088,NA
"Atherinomorus forskalii",761426,NA
"Sparisoma cretense",231441,NA
"Raja asterias",105881,NA
"Bothus maculiferus",274188,NA
"Dasyatis tortonesei",105852,NA
"Pagrus major",273976,NA
"Lepadogaster purpurea",126519,NA
"Synodus saurus",126372,NA
"Sphyraena pinguis",273985,NA
"Blenniidae sp. CBM DNA No. 2017-616",NA,NA
"Mullus barbatus",126985,NA
"Maurolicus muelleri",127312,NA
"Chlorophthalmus sp. AC-2023",NA,NA
"Helicolenus dactylopterus",127251,NA
"Lepidotrigla guentheri",274892,NA
"Hymenocephalus italicus",158961,NA
"Sprattus sprattus",126425,NA
"Pollachius virens",126441,NA
"Rhodeus amarus",NA,NA
"Arnoglossus laterna",127126,NA
"Labrus bergylta",126965,NA
"Microstomus kitt",127140,NA
"Oncorhynchus mykiss",127185,NA
"Arnoglossus imperialis",127124,NA
"Sarda sarda",127021,NA
"Thunnus orientalis",273823,NA
"Alosa sapidissima",158670,NA
"Gymnura altavela",105856,NA
"Caradrina fergana",NA,NA
"Chrysochromulina throndsenii",619023,NA
"Cyanea capillata",135301,"plankton > megaplankton; benthos; plankton > zooplankton"
"Corallina caespitosa",596430,NA
"Isochrysis galbana",573884,"plankton > mixoplankton > Constitutive Mixoplankton"
"Caulacanthus ustulatus",145606,NA
"Berkeleya fennica",NA,NA
"Sphaeronectes irregularis",135478,NA
"Rhizosolenia setigera",149115,"benthos; plankton > phytoplankton"
"Marenzelleria viridis",131135,"benthos > macrobenthos"
"Hemiselmis tepida",623452,NA
"Sphaeronectes koellikeri",152189,"plankton > macroplankton; plankton > zooplankton"
"Lophosiphonia obscura",146367,NA
"Tesseropora rapax",882227,NA
"Acartia clausi",104251,NA
"Synchaeta grimpei",135053,NA
"Lagis koreni",152367,NA
"Syllidia armata",130198,NA
"Magelona minuta",130270,NA
"Rhyssoplax olivacea",1392276,NA
"Dasysiphonia collinsiana",NA,NA
"Polycirrus aurantiacus",131525,"benthos > macrobenthos"
"Haliclystus inabai",880519,NA
"Chrysymenia ventricosa",145845,NA
"Alicia mirabilis",100862,NA
"Jania longifurca",145127,NA
"Callyspongia aculeata",NA,NA
"Euterpina acutifrons",116162,NA
"Gibbula adansonii",141777,NA
"Amphiroa beauvoisii",145097,NA
"Malassezia globosa",NA,NA
"Chrysochromulina parva",NA,NA
"Herposiphonia secunda f. tenella",382517,NA
"Cervera atlantica",125422,NA
"Bipolaris sorokiniana",NA,NA
"Proselachista taeniiformis",495109,NA
"Pilumnus spinulosus",1394457,NA
"Chattonella subsalsa",246590,"plankton > mixoplankton > Constitutive Mixoplankton"
"Skeletonema menzellii",NA,NA
"Oncaea venusta",128954,NA
"Habrophlebia fusca",NA,NA
"Cladonia grayi",NA,NA
"Bonellia viridis",110363,NA
"Margaretta cereoides",111409,NA
"Obelia hyalina",418899,NA
"Ostrea stentina",489077,NA
"Coscinodiscus wailesii",156632,"benthos; plankton > phytoplankton"
"Caradrina wullschlegeli",NA,NA
"Eurytemora carolleeae",564863,NA
"Rissoa parva",141365,NA
"Oithona atlantica",106642,NA
"Saxicavella jeffreysi",140108,NA
"Praxillella affinis",130322,NA
"Calanus helgolandicus",104466,NA
"Pusillina inconspicua",141334,NA
"Apolemia uvaria",135497,"plankton > megaplankton; plankton > zooplankton"
"Paraleptopentacta elongata",1474372,NA
"Doto coronata",139631,NA
"Musculus subpictus",506128,NA
"Chrysochromulina simplex",571659,"plankton > phytoplankton"
"Chrysochromulina camella",573836,"plankton > mixoplankton > Constitutive Mixoplankton"
"Strongylocentrotus droebachiensis",124321,NA
"Ophiura grubei",124919,NA
"Cliona celata",134121,"benthos > macrobenthos; benthos > megabenthos"
"Liriope tetraphylla",117568,"plankton > zooplankton"
"Glycera alba",130116,NA
"Calocalanus contractus",104651,NA
"Atlanta lesueurii",NA,NA
"Hesiospina aurantiaca",333615,NA
"Harpacticus gracilis",116170,NA
"Tetrastemma vermiculus",122806,NA
"Sialis lutaria",NA,NA
"Schizomavella linearis",111099,NA
"Jassa laurieae",1494671,NA
"Laminaria digitata",145724,NA
"Tursiops truncatus",137111,NA
